Feature,XGB,LGB,RF,Avg
Fossil_Intensity,0.39708483,0.5305309492707635,0.4630363037283027,0.46355069506351115
Nuclear_Share_Pct,0.12482168,0.12222388936290195,0.19674423985907383,0.147929935675323
Renewable_Share_Pct,0.11816072,0.0927913309535202,0.1696495239898721,0.12686719071090144
Avg_Temp_F,0.13691491,0.11836089690613799,0.057804465358120935,0.10436009038340492
Years_Since_RPS,0.08551383,0.056255926750769625,0.04116015960390158,0.060976638846535904
Temp_Extreme,0.048988093,0.038375313624443255,0.02621473189627503,0.03785937940380818
GDP_Growth_Rate_Annual,0.060742136,0.029698068393568006,0.015380332397771859,0.03527351229411125
Has_RPS,0.027773872,0.011763624737895436,0.0300102431666819,0.023182579974145915
