Feature,SHAP_mean,SHAP_pct
Fossil_Intensity,2.074409,39.708485
Avg_Temp_F,0.7152565,13.691491
Nuclear_Share_Pct,0.65208036,12.482168
Renewable_Share_Pct,0.61728287,11.8160715
Years_Since_RPS,0.4467324,8.551383
GDP_Growth_Rate_Annual,0.3173227,6.0742135
Temp_Extreme,0.25591847,4.8988094
Has_RPS,0.14509335,2.7773871
